Activity Type,Date,Favorite,Title,Distance,Calories,Time,Avg HR,Max HR,Avg Run Cadence,Max Run Cadence,Avg Pace,Best Pace,Total Ascent,Total Descent,Avg Stride Length,Avg Vertical Ratio,Avg Vertical Oscillation,Training Stress Score®,Grit,Flow,Dive Time,Min Temp,Surface Interval,Decompression,Best Lap Time,Number of Laps,Max Temp,Moving Time,Elapsed Time,Min Elevation,Max Elevation
Running,2021-07-01 09:47:34,false,"Eugene Running","1.46","270","00:20:33","133","179","127","170","14:06","8:46","46","43","0.90","0.0","0.0","0.0","0.0","0.0","0:00","0.0","0:00","No","06:04.46","2","0.0","00:20:24","00:20:43","474","543"
Running,2021-07-03 10:34:34,false,"Eugene Running","1.64","267","00:21:33","138","183","130","181","13:07","7:26","105","105","0.94","0.0","0.0","0.0","0.0","0.0","0:00","0.0","0:00","No","08:02.55","2","0.0","00:21:01","00:21:33","427","494"
Running,2021-07-06 10:12:01,false,"Eugene Running","1.82","288","00:23:01","141","190","131","174","12:39","8:49","98","102","0.97","0.0","0.0","0.0","0.0","0.0","0:00","0.0","0:00","No","10:04.55","2","0.0","00:22:57","00:23:01","403","464"
Running,2021-07-08 08:57:23,false,"Eugene Running","1.83","254","00:23:02","130","181","133","174","12:37","8:35","33","52","0.96","0.0","0.0","0.0","0.0","0.0","0:00","0.0","0:00","No","10:03.37","2","0.0","00:23:01","00:23:02","402","474"
Running,2021-07-10 09:03:07,false,"Portland Running","1.93","288","00:24:31","133","164","134","173","12:41","8:02","36","43","0.95","0.0","0.0","0.0","0.0","0.0","0:00","0.0","0:00","No","11:44.67","2","0.0","00:24:27","00:24:31","142","260"
Running,2021-07-13 09:07:49,false,"Eugene - C25k week 4","2.28","328","00:26:35","141","197","143","171","11:41","8:54","79","79","0.95","0.0","0.0","0.0","0.0","0.0","0:00","0.0","0:00","No","00:04.97","9","0.0","00:26:14","00:27:23","363","465"
Running,2021-07-15 09:45:54,false,"Eugene - C25k week 4","2.34","316","00:26:33","140","192","144","176","11:20","8:41","75","79","0.97","0.0","0.0","0.0","0.0","0.0","0:00","0.0","0:00","No","00:02.85","9","0.0","00:26:32","00:26:33","461","530"
Running,2021-07-17 11:15:42,false,"Eugene - C25k week 4","2.32","374","00:26:36","154","193","141","175","11:27","8:51","141","135","0.98","0.0","0.0","0.0","0.0","0.0","0:00","0.0","0:00","No","00:05.89","9","0.0","00:26:21","00:26:36","373","465"
Running,2021-07-20 10:32:39,false,"Eugene - C25k week 5 day 1","2.21","338","00:26:04","146","192","139","174","11:46","9:04","105","102","0.97","0.0","0.0","0.0","0.0","0.0","0:00","0.0","0:00","No","00:03.81","7","0.0","00:25:55","00:27:03","411","497"
Running,2021-07-22 14:15:49,false,"Eugene - C25k week 5 day 2","2.19","342","00:26:02","145","194","142","165","11:52","9:18","98","92","0.94","0.0","0.0","0.0","0.0","0.0","0:00","0.0","0:00","No","00:01.80","5","0.0","00:26:01","00:26:02","400","508"
Running,2021-07-24 08:49:05,false,"Eugene - C25k week 5 day 3","2.16","335","00:24:14","156","198","147","249","11:13","8:44","82","66","0.97","0.0","0.0","0.0","0.0","0.0","0:00","0.0","0:00","No","05:00.00","3","0.0","00:24:14","00:25:42","458","490"
Running,2021-07-27 10:06:34,false,"Eugene - C25k week 6 day 1","2.42","325","00:29:02","138","189","143","169","12:01","9:11","98","85","0.92","0.0","0.0","0.0","0.0","0.0","0:00","0.0","0:00","No","00:01.62","7","0.0","00:29:01","00:29:58","440","509"
Running,2021-07-29 09:53:47,false,"Eugene - C25k week 6 day 2","2.43","353","00:28:02","156","191","147","172","11:33","9:20","151","125","0.94","0.0","0.0","0.0","0.0","0.0","0:00","0.0","0:00","No","00:01.54","6","0.0","00:28:00","00:28:02","432","507"
Running,2021-07-31 10:38:56,false,"Eugene - C25k week 6 day 3","2.60","386","00:30:01","163","191","152","167","11:34","9:24","82","72","0.91","0.0","0.0","0.0","0.0","0.0","0:00","0.0","0:00","No","00:01.44","5","0.0","00:00:00","00:30:01","415","455"
Running,2021-08-03 09:25:29,false,"Eugene - C25k week 7","2.60","374","00:30:01","162","190","153","173","11:34","9:24","98","79","0.90","0.0","0.0","0.0","0.0","0.0","0:00","0.0","0:00","No","00:01.16","5","0.0","00:30:00","00:30:01","446","535"
Running,2021-08-05 16:50:48,false,"Eugene - C25k week 7","2.53","367","00:30:03","167","191","150","168","11:53","9:49","128","105","0.90","0.0","0.0","0.0","0.0","0.0","0:00","0.0","0:00","No","00:03.23","5","0.0","00:30:02","00:30:03","500","566"
Running,2021-08-07 09:44:44,false,"Eugene - C25k week 7","2.57","358","00:30:01","164","191","151","172","11:41","10:03","157","115","0.91","0.0","0.0","0.0","0.0","0.0","0:00","0.0","0:00","No","00:00.83","5","0.0","00:30:00","00:30:01","514","603"
Running,2021-08-10 10:47:40,false,"Eugene - C25k week 7","2.62","346","00:30:02","157","188","150","169","11:27","9:18","144","125","0.93","0.0","0.0","0.0","0.0","0.0","0:00","0.0","0:00","No","00:01.64","5","0.0","00:30:01","00:30:02","495","547"
Running,2021-08-12 10:25:35,false,"Eugene - C25k week 7","2.54","328","00:30:02","155","186","149","168","11:48","9:55","138","115","0.91","0.0","0.0","0.0","0.0","0.0","0:00","0.0","0:00","No","00:01.67","5","0.0","00:30:00","00:30:42","535","589"
Running,2021-08-15 11:21:35,false,"Eugene - C25k week 7","2.70","338","00:30:01","160","188","151","169","11:07","8:51","174","138","0.95","0.0","0.0","0.0","0.0","0.0","0:00","0.0","0:00","No","00:01.24","5","0.0","00:30:01","00:30:01","444","541"
Running,2021-08-18 10:39:51,false,"Eugene - C25k week 8","2.84","365","00:33:02","157","189","150","170","11:37","8:43","249","213","0.92","0.0","0.0","0.0","0.0","0.0","0:00","0.0","0:00","No","00:02.07","5","0.0","00:00:00","00:33:02","395","486"
Running,2021-08-20 10:40:28,false,"Eugene - C25k week 8","2.83","356","00:33:03","148","182","152","170","11:41","9:41","167","121","0.90","0.0","0.0","0.0","0.0","0.0","0:00","0.0","0:00","No","00:03.45","5","0.0","00:33:02","00:33:03","435","493"
Running,2021-08-22 11:40:02,false,"Eugene - C25k week 8","3.06","369","00:33:01","166","193","156","179","10:48","8:23","121","112","0.95","0.0","0.0","0.0","0.0","0.0","0:00","0.0","0:00","No","00:00.93","5","0.0","00:00:00","00:33:01","449","532"
Running,2021-08-25 10:58:45,false,"Eugene - C25k week 9!","2.29","236","00:24:59","140","191","152","171","10:54","8:46","7","7","0.96","0.0","0.0","0.0","0.0","0.0","0:00","0.0","0:00","No","00:05.75","4","0.0","00:24:58","00:25:28","435","448"
Running,2021-08-25 11:38:02,false,"Eugene Running","0.98","104","00:09:18.8","165","191","165","171","9:30","9:02","62","39","1.03","0.0","0.0","0.0","0.0","0.0","0:00","0.0","0:00","No","00:02.83","10","0.0","00:09:18.0","00:09:18.8","446","508"
Running,2021-08-28 11:49:01,false,"Eugene - C25k week 9!","3.01","366","00:35:57","146","186","156","173","11:56","9:57","279","223","0.86","0.0","0.0","0.0","0.0","0.0","0:00","0.0","0:00","No","01:06.61","5","0.0","00:35:55","00:36:07","398","489"
Running,2021-09-05 18:12:34,false,"Eugene Running","2.00","241","00:20:48","169","192","162","170","10:23","9:02","7","7","0.96","0.0","0.0","0.0","0.0","0.0","0:00","0.0","0:00","No","00:01.72","3","0.0","00:20:48","00:20:48","444","454"
Running,2021-09-07 12:11:33,false,"Eugene - 5K","3.11","392","00:35:49","168","190","158","167","11:31","10:20","184","180","0.89","0.0","0.0","0.0","0.0","0.0","0:00","0.0","0:00","No","00:02.56","5","0.0","00:35:48","00:35:49","396","512"
Running,2021-09-10 11:45:36,false,"Eugene Running","2.01","230","00:20:54","167","190","160","168","10:24","9:27","62","36","0.97","0.0","0.0","0.0","0.0","0.0","0:00","0.0","0:00","No","00:07.16","3","0.0","00:20:54","00:20:54","428","496"
Running,2021-09-12 13:27:39,false,"Eugene Running","2.00","223","00:19:22","170","188","164","175","9:40","7:46","33","36","1.02","0.0","0.0","0.0","0.0","0.0","0:00","0.0","0:00","No","00:03.09","3","0.0","00:19:22","00:21:34","417","489"
Running,2021-09-14 09:12:50,false,"Eugene Running","2.00","228","00:20:17","164","187","165","170","10:07","9:08","--","--","0.96","0.0","0.0","0.0","0.0","0.0","0:00","0.0","0:00","No","00:01.85","3","0.0","00:20:16","00:20:17","442","454"
Running,2021-09-16 10:09:12,false,"Eugene Running","2.02","233","00:20:02","172","194","166","174","9:56","8:35","13","26","0.98","0.0","0.0","0.0","0.0","0.0","0:00","0.0","0:00","No","00:08.71","3","0.0","00:20:01","00:20:02","448","464"
Running,2021-09-19 12:16:04,false,"Eugene Running","2.01","232","00:20:15","169","191","162","171","10:04","8:33","--","7","0.98","0.0","0.0","0.0","0.0","0.0","0:00","0.0","0:00","No","00:06.59","3","0.0","00:20:15","00:20:15","440","450"
Running,2021-09-21 09:54:48,false,"Eugene Running","2.01","238","00:20:12","172","190","165","178","10:04","9:16","161","157","0.97","0.0","0.0","0.0","0.0","0.0","0:00","0.0","0:00","No","00:04.66","3","0.0","00:20:11","00:20:12","416","552"
Running,2021-09-25 12:19:40,false,"Eugene Running","2.03","231","00:20:09","166","190","167","179","9:56","7:51","--","--","0.97","0.0","0.0","0.0","0.0","0.0","0:00","0.0","0:00","No","00:14.15","3","0.0","00:20:09","00:20:09","438","451"
Running,2021-09-28 06:54:24,false,"Eugene Running","2.04","246","00:22:00","164","189","163","172","10:48","9:29","82","95","0.91","0.0","0.0","0.0","0.0","0.0","0:00","0.0","0:00","No","00:20.03","3","0.0","00:21:58","00:22:00","428","499"
Running,2021-09-30 15:48:00,false,"Eugene Running","2.06","174","00:30:30","152","185","167","186","14:49","6:48","135","69","1.13","0.0","0.0","0.0","0.0","0.0","0:00","0.0","0:00","No","00:27.24","3","0.0","00:17:29","00:28:58","388","488"
Running,2021-10-03 09:20:24,false,"Eugene Running","2.00","207","00:19:20","157","195","165","174","9:39","8:35","--","13","1.01","0.0","0.0","0.0","0.0","0.0","0:00","0.0","0:00","No","00:01.72","3","0.0","00:19:19","00:19:20","434","448"
Running,2021-10-06 09:02:17,false,"Eugene Running","1.03","98","00:09:54.1","145","153","167","173","9:35","8:56","--","--","1.01","0.0","0.0","0.0","0.0","0.0","0:00","0.0","0:00","No","00:17.75","2","0.0","00:09:53.7","00:09:54.1","442","450"
Running,2021-10-09 09:12:46,false,"Eugene Running","2.01","239","00:20:01","174","192","165","177","9:58","8:30","7","20","0.98","0.0","0.0","0.0","0.0","0.0","0:00","0.0","0:00","No","00:03.03","3","0.0","00:20:00","00:20:01","455","471"
Running,2021-10-12 07:59:57,false,"Eugene Running","2.01","228","00:20:58","156","186","166","176","10:26","9:06","108","115","0.93","0.0","0.0","0.0","0.0","0.0","0:00","0.0","0:00","No","00:05.54","3","0.0","00:20:57","00:20:58","456","516"
Running,2021-10-15 17:24:18,false,"Eugene Running","2.03","222","00:18:46","171","189","168","176","9:13","8:39","--","7","1.04","0.0","0.0","0.0","0.0","0.0","0:00","0.0","0:00","No","00:16.37","3","0.0","00:18:45","00:18:46","437","448"
Running,2021-10-17 10:57:14,false,"Eugene Running","2.00","202","00:18:23","160","192","165","182","9:11","8:32","--","7","1.06","0.0","0.0","0.0","0.0","0.0","0:00","0.0","0:00","No","00:02.05","3","0.0","00:18:23","00:18:23","434","448"
Running,2021-10-22 08:34:52,false,"Eugene Running","2.00","244","00:20:27","166","187","163","170","10:13","9:25","--","13","0.97","0.0","0.0","0.0","0.0","0.0","0:00","0.0","0:00","No","00:02.07","3","0.0","00:20:26","00:20:30","432","449"
Running,2021-10-25 11:12:32,false,"Eugene Running","1.02","100","00:09:39.8","148","184","165","177","9:29","8:32","7","39","1.03","0.0","0.0","0.0","0.0","0.0","0:00","0.0","0:00","No","00:11.03","2","0.0","00:09:39.7","00:09:39.8","407","442"
Running,2021-10-27 08:53:27,false,"Eugene Running","2.00","232","00:20:43","158","186","165","175","10:21","9:35","--","13","0.94","0.0","0.0","0.0","0.0","0.0","0:00","0.0","0:00","No","00:00.76","3","0.0","00:20:42","00:20:43","427","440"
Running,2021-10-30 09:27:50,false,"Eugene Running","2.00","246","00:21:12","163","185","162","169","10:34","9:45","--","--","0.94","0.0","0.0","0.0","0.0","0.0","0:00","0.0","0:00","No","00:02.38","3","0.0","00:21:11","00:21:12","432","440"
Running,2021-11-02 08:45:09,false,"10k Week 1 day 1","2.00","244","00:21:23","165","190","162","169","10:40","9:51","--","13","0.93","0.0","0.0","0.0","0.0","0.0","0:00","0.0","0:00","No","00:02.26","3","0.0","00:21:23","00:21:23","417","439"
Running,2021-11-04 14:12:31,false,"10k Week 1 day 2","2.00","229","00:20:50","154","183","163","172","10:24","9:20","49","98","0.95","0.0","0.0","0.0","0.0","0.0","0:00","0.0","0:00","No","00:02.17","3","0.0","00:20:49","00:20:50","354","451"
Running,2021-11-07 09:18:26,false,"10k Week 1 day 3","2.01","237","00:21:21","160","183","164","170","10:37","9:25","--","7","0.92","0.0","0.0","0.0","0.0","0.0","0:00","0.0","0:00","No","00:05.36","3","0.0","00:21:20","00:21:21","425","439"
Running,2021-11-09 08:55:53,false,"10k week 2 day 1","2.01","231","00:21:04","156","185","163","173","10:29","9:27","7","36","0.94","0.0","0.0","0.0","0.0","0.0","0:00","0.0","0:00","No","00:04.24","3","0.0","00:21:03","00:21:04","405","442"
Running,2021-11-11 09:36:50,false,"10k week 2 day 2","2.05","237","00:21:03","158","186","165","173","10:17","9:13","23","23","0.95","0.0","0.0","0.0","0.0","0.0","0:00","0.0","0:00","No","00:28.33","3","0.0","00:21:03","00:21:03","417","444"
Running,2021-11-14 08:50:00,false,"10k week 2 day 3","2.55","289","00:26:26","157","187","165","173","10:22","9:08","7","7","0.94","0.0","0.0","0.0","0.0","0.0","0:00","0.0","0:00","No","05:37.42","3","0.0","00:26:25","00:26:26","428","446"
Running,2021-11-16 17:05:20,false,"10k week 3 day 1","2.59","302","00:27:28","160","180","163","172","10:36","9:24","--","7","0.93","0.0","0.0","0.0","0.0","0.0","0:00","0.0","0:00","No","06:03.70","3","0.0","00:27:27","00:27:28","428","440"
Running,2021-11-18 09:19:41,false,"10k week 3 day 2","2.06","238","00:20:54","165","185","164","171","10:09","9:15","7","7","0.96","0.0","0.0","0.0","0.0","0.0","0:00","0.0","0:00","No","00:30.52","3","0.0","00:20:54","00:20:54","433","446"
Running,2021-11-21 07:21:45,false,"10k week 3 day 3 Failed :(","2.00","235","00:22:10","157","182","164","173","11:04","9:49","52","56","0.89","0.0","0.0","0.0","0.0","0.0","0:00","0.0","0:00","No","00:00.97","3","0.0","00:22:09","00:22:10","4,221","4,256"
Running,2021-11-23 10:05:29,false,"10k week 3 day 1 retry","2.57","306","00:26:43","168","187","166","174","10:24","8:56","--","13","0.93","0.0","0.0","0.0","0.0","0.0","0:00","0.0","0:00","No","05:46.54","3","0.0","00:26:43","00:26:43","418","436"
Running,2021-11-25 13:30:19,false,"10k week 3 day 2 retry","2.17","224","00:21:38","156","175","167","173","9:58","8:49","7","7","0.97","0.0","0.0","0.0","0.0","0.0","0:00","0.0","0:00","No","01:34.95","3","0.0","00:21:37","00:21:38","111","123"
Running,2021-11-28 11:24:36,false,"10k week 3 day 3 retry","3.04","384","00:32:21","171","188","162","171","10:39","9:11","131","141","0.93","0.0","0.0","0.0","0.0","0.0","0:00","0.0","0:00","No","00:22.50","4","0.0","00:32:21","00:32:21","378","473"
Running,2021-11-30 09:34:36,false,"10k week 4 day 1","2.58","319","00:27:27","169","185","162","170","10:37","9:22","56","59","0.94","0.0","0.0","0.0","0.0","0.0","0:00","0.0","0:00","No","06:01.28","3","0.0","00:27:25","00:27:27","504","565"
Running,2021-12-02 09:07:36,false,"10k week 4 day 2","2.04","238","00:21:32","156","179","162","168","10:33","9:41","--","20","0.94","0.0","0.0","0.0","0.0","0.0","0:00","0.0","0:00","No","00:25.86","3","0.0","00:21:31","00:21:32","413","437"
Running,2021-12-05 09:43:53,false,"10k week 4 day 3","3.55","438","00:40:19","161","180","162","172","11:21","9:59","7","7","0.88","0.0","0.0","0.0","0.0","0.0","0:00","0.0","0:00","No","06:01.28","4","0.0","00:40:18","00:40:19","426","441"
Running,2021-12-07 10:39:56,false,"10k week 5 day 1","2.55","308","00:27:31","164","187","164","172","10:47","9:27","--","--","0.91","0.0","0.0","0.0","0.0","0.0","0:00","0.0","0:00","No","05:46.58","3","0.0","00:27:30","00:27:31","430","445"
Running,2021-12-09 11:39:10,false,"10k week 5 day 2","2.02","237","00:22:24","152","171","165","172","11:06","10:01","7","7","0.88","0.0","0.0","0.0","0.0","0.0","0:00","0.0","0:00","No","00:11.13","3","0.0","00:22:23","00:22:24","430","439"
Running,2021-12-12 14:27:28,false,"10k week 5 day 3","4.05","511","00:46:09","166","193","165","183","11:24","8:21","374","400","0.85","0.0","0.0","0.0","0.0","0.0","0:00","0.0","0:00","No","00:21.42","5","0.0","00:46:07","00:46:09","303","451"
Running,2021-12-14 14:27:53,false,"10k week 6 day 1","3.05","367","00:34:53","159","176","166","174","11:26","9:37","7","36","0.85","0.0","0.0","0.0","0.0","0.0","0:00","0.0","0:00","No","00:27.03","4","0.0","00:34:52","00:34:53","379","409"
Running,2021-12-16 14:22:15,false,"10k week 6 day 2","2.03","235","00:20:38","163","187","170","188","10:08","7:35","7","30","0.94","0.0","0.0","0.0","0.0","0.0","0:00","0.0","0:00","No","00:14.80","3","0.0","00:20:37","00:20:38","374","406"
Running,2021-12-19 11:36:37,false,"10k week 6 day 3","4.23","542","00:50:48","165","182","166","177","12:00","10:27","574","502","0.81","0.0","0.0","0.0","0.0","0.0","0:00","0.0","0:00","No","02:34.42","5","0.0","00:50:47","00:50:48","406","509"
Running,2021-12-21 11:26:04,false,"10k week 7 day 1","3.03","361","00:32:03","162","181","168","175","10:35","9:29","7","7","0.91","0.0","0.0","0.0","0.0","0.0","0:00","0.0","0:00","No","00:15.63","4","0.0","00:32:03","00:32:03","429","443"
Running,2021-12-23 05:23:05,false,"10k week 7 day 2","2.02","225","00:19:48","165","179","168","175","9:47","9:22","--","13","0.98","0.0","0.0","0.0","0.0","0.0","0:00","0.0","0:00","No","00:17.01","3","0.0","00:19:47","00:20:35","383","396"
Running,2022-01-09 15:34:21,false,"Post-Covid test run","1.01","116","00:10:37","157","189","165","169","10:28","9:41","--","7","0.93","0.0","0.0","0.0","0.0","0.0","0:00","0.0","0:00","No","00:07.95","2","0.0","00:10:37","00:10:37","412","435"
Running,2022-01-10 11:05:08,false,"LTP 1","1.49","182","00:17:02","152","188","157","172","11:26","9:27","--","13","0.90","0.0","0.0","0.0","0.0","0.0","0:00","0.0","0:00","No","05:26.82","2","0.0","00:17:02","00:17:02","459","475"
Running,2022-01-11 09:58:07,false,"Eugene - LTP 1","1.66","194","00:18:42","154","180","160","172","11:18","9:41","--","23","0.89","0.0","0.0","0.0","0.0","0.0","0:00","0.0","0:00","No","00:02.21","17","0.0","00:18:40","00:18:42","381","394"
Running,2022-01-13 07:45:28,false,"Eugene - LTP 2","2.04","245","00:23:21","158","178","159","171","11:27","9:04","10","30","0.88","0.0","0.0","0.0","0.0","0.0","0:00","0.0","0:00","No","00:01.36","21","0.0","00:23:20","00:23:21","442","459"
Running,2022-01-14 19:30:14,false,"Eugene - LTP 2","2.00","245","00:23:23","162","184","157","170","11:42","9:31","7","13","0.87","0.0","0.0","0.0","0.0","0.0","0:00","0.0","0:00","No","00:02.85","21","0.0","00:23:17","00:23:23","429","449"
Running,2022-01-16 11:18:39,false,"Eugene - LTP 3","2.56","322","00:28:22","166","190","158","175","11:06","9:06","--","7","0.91","0.0","0.0","0.0","0.0","0.0","0:00","0.0","0:00","No","00:02.04","21","0.0","00:28:21","00:28:22","415","430"
Running,2022-01-17 10:36:51,false,"Eugene - LTP 5","2.40","296","00:28:03","157","180","156","170","11:41","10:05","7","20","0.88","0.0","0.0","0.0","0.0","0.0","0:00","0.0","0:00","No","00:02.69","17","0.0","00:27:59","00:28:03","400","424"
Running,2022-01-18 10:27:39,false,"Eugene - LTP 6","1.65","197","00:18:41","157","172","155","171","11:21","9:49","7","30","0.91","0.0","0.0","0.0","0.0","0.0","0:00","0.0","0:00","No","00:01.32","17","0.0","00:18:40","00:18:41","377","409"
Running,2022-01-20 10:05:55,false,"Eugene - shins 1","1.60","198","00:18:02","155","178","157","178","11:18","9:22","39","43","0.90","0.0","0.0","0.0","0.0","0.0","0:00","0.0","0:00","No","00:01.77","7","0.0","00:18:02","00:18:02","372","436"
Running,2022-01-21 09:07:25,false,"Eugene - 8x(3 30)","2.30","283","00:28:02","154","171","157","170","12:11","10:20","30","49","0.84","0.0","0.0","0.0","0.0","0.0","0:00","0.0","0:00","No","00:01.59","17","0.0","00:27:59","00:28:02","362","406"
Running,2022-01-22 11:20:13,false,"Eugene - 2x10","2.61","321","00:30:02","156","183","154","198","11:30","5:59","72","82","0.91","0.0","0.0","0.0","0.0","0.0","0:00","0.0","0:00","No","02:00.00","5","0.0","00:30:01","00:30:08","385","442"
Running,2022-01-24 07:38:02,false,"Eugene - HM 1","2.39","282","00:27:03","149","178","160","183","11:19","8:30","30","72","0.88","0.0","0.0","0.0","0.0","0.0","0:00","0.0","0:00","No","00:02.83","14","0.0","00:27:00","00:27:03","395","486"
Running,2022-01-25 09:55:34,false,"Eugene - 4x4","1.76","231","00:21:21","--","--","154","220","12:07","3:14","--","13","0.89","0.0","0.0","0.0","0.0","0.0","0:00","0.0","0:00","No","00:06.32","17","0.0","00:21:18","00:21:22","426","444"
Running,2022-01-27 10:52:12,false,"Eugene - 2,1,walk","3.44","410","00:36:06","162","193","158","223","10:30","8:23","7","13","0.97","0.0","0.0","0.0","0.0","0.0","0:00","0.0","0:00","No","00:01.63","33","0.0","00:35:18","00:36:06","389","411"
Running,2022-01-30 10:34:37,false,"Eugene - 6 1","3.18","375","00:35:01","155","180","160","173","11:01","9:35","13","30","0.91","0.0","0.0","0.0","0.0","0.0","0:00","0.0","0:00","No","00:01.12","11","0.0","00:35:01","00:35:01","405","444"
Running,2022-01-31 17:49:15,false,"Eugene - 5,3,1","2.43","267","00:25:05","155","176","164","177","10:21","8:38","--","13","0.94","0.0","0.0","0.0","0.0","0.0","0:00","0.0","0:00","No","00:05.27","18","0.0","00:25:02","00:25:05","446","458"
Running,2022-02-01 15:01:31,false,"Eugene - 5,5","2.73","315","00:32:19","150","177","148","192","11:50","6:10","279","292","0.90","0.0","0.0","0.0","0.0","0.0","0:00","0.0","0:00","No","00:12.95","26","0.0","00:32:14","00:32:19","335","430"
Running,2022-02-03 09:04:33,false,"Eugene - 1122332211","2.45","299","00:25:43","160","190","161","184","10:30","8:21","13","13","0.95","0.0","0.0","0.0","0.0","0.0","0:00","0.0","0:00","No","00:03.40","18","0.0","00:25:41","00:25:43","396","415"
Running,2022-02-04 18:17:37,false,"Eugene - 3x6","1.57","185","00:19:32","144","156","158","172","12:25","10:53","--","26","0.82","0.0","0.0","0.0","0.0","0.0","0:00","0.0","0:00","No","00:02.50","7","0.0","00:19:32","00:19:32","412","438"
Running,2022-02-06 17:35:44,false,"Eugene - 10-4-sprint","3.41","424","00:38:42","159","178","157","231","11:21","4:51","85","102","0.90","0.0","0.0","0.0","0.0","0.0","0:00","0.0","0:00","No","00:02.35","19","0.0","00:38:39","00:38:42","405","480"
Running,2022-02-08 09:10:12,false,"Eugene - paces","2.91","353","00:30:25","167","189","156","191","10:26","6:13","364","361","0.98","0.0","0.0","0.0","0.0","0.0","0:00","0.0","0:00","No","00:01.52","32","0.0","00:30:00","00:31:08","357","533"
Running,2022-02-09 17:31:06,false,"Eugene Running","3.67","415","00:43:34","151","169","158","212","11:53","5:15","226","269","0.86","0.0","0.0","0.0","0.0","0.0","0:00","0.0","0:00","No","07:33.39","4","0.0","00:43:34","00:45:42","385","541"
Running,2022-02-12 17:07:43,false,"Eugene Running","2.02","205","00:18:56","162","186","169","175","9:24","8:33","7","20","1.01","0.0","0.0","0.0","0.0","0.0","0:00","0.0","0:00","No","00:07.94","3","0.0","00:18:56","00:18:56","415","445"
Running,2022-02-13 12:00:23,false,"Eugene Running","4.05","478","00:46:09","159","182","160","240","11:23","9:41","92","92","0.88","0.0","0.0","0.0","0.0","0.0","0:00","0.0","0:00","No","00:31.26","5","0.0","00:46:07","00:46:09","356","411"
Running,2022-02-15 16:30:09,false,"Eugene - longtuesday","6.19","716","01:17:33","153","186","144","203","12:32","5:44","141","197","0.88","0.0","0.0","0.0","0.0","0.0","0:00","0.0","0:00","No","00:03.43","25","0.0","01:16:13","01:17:33","322","406"
Running,2022-02-16 18:05:49,false,"Eugene Running","3.10","367","00:36:22","153","174","160","179","11:45","9:35","184","184","0.86","0.0","0.0","0.0","0.0","0.0","0:00","0.0","0:00","No","00:55.63","4","0.0","00:36:13","00:36:22","350","413"
Running,2022-02-17 10:21:18,false,"1 mi Time trial","1.01","97","00:08:19.4","170","184","171","189","8:13","6:19","36","49","1.15","0.0","0.0","0.0","0.0","0.0","0:00","0.0","0:00","No","00:06.41","2","0.0","00:08:18.9","00:08:19.4","371","413"
Running,2022-02-17 10:40:07,false,"Cool down","0.56","70","00:07:07.7","147","160","150","176","12:37","9:47","95","92","0.85","0.0","0.0","0.0","0.0","0.0","0:00","0.0","0:00","No","07:07.72","1","0.0","00:07:07.7","00:07:07.7","370","464"
Running,2022-02-18 10:37:44,false,"Eugene Running","3.02","372","00:33:54","161","180","166","175","11:14","9:45","49","82","0.86","0.0","0.0","0.0","0.0","0.0","0:00","0.0","0:00","No","00:12.66","4","0.0","00:33:48","00:33:54","365","473"
Running,2022-02-19 10:00:55,false,"Eugene Running","3.53","442","00:40:01","162","182","164","177","11:20","9:37","331","348","0.86","0.0","0.0","0.0","0.0","0.0","0:00","0.0","0:00","No","05:55.60","4","0.0","00:40:00","00:40:01","350","443"
Running,2022-02-21 16:57:40,false,"Eugene Running","3.01","370","00:35:21","147","162","164","173","11:45","10:07","7","20","0.84","0.0","0.0","0.0","0.0","0.0","0:00","0.0","0:00","No","00:07.40","4","0.0","00:35:21","00:35:21","423","446"
Running,2022-02-22 17:26:25,false,"Eugene - 2mi,6x100","2.01","249","00:23:50","154","168","169","176","11:52","11:06","13","49","0.80","0.0","0.0","0.0","0.0","0.0","0:00","0.0","0:00","No","00:06.63","3","0.0","00:23:48","00:23:50","358","406"
Running,2022-02-24 13:27:15,false,"Eugene - 1x3","3.08","390","00:34:54","163","181","166","178","11:20","9:41","7","39","0.85","0.0","0.0","0.0","0.0","0.0","0:00","0.0","0:00","No","00:01.73","7","0.0","00:34:43","00:34:54","417","457"
Running,2022-02-25 16:08:55,false,"Eugene - 5m","5.08","643","00:57:50","162","178","165","176","11:23","9:33","230","253","0.86","0.0","0.0","0.0","0.0","0.0","0:00","0.0","0:00","No","00:30.00","19","0.0","00:57:46","00:57:50","336","406"
Running,2022-02-26 17:07:51,false,"Eugene - 1,1x6","2.16","256","00:23:42","153","175","164","182","10:58","8:35","30","43","0.89","0.0","0.0","0.0","0.0","0.0","0:00","0.0","0:00","No","00:04.20","11","0.0","00:23:39","00:23:42","434","478"
Running,2022-02-27 17:33:54,false,"Eugene - 5m","4.21","521","00:43:30","163","189","168","186","10:20","7:53","446","440","0.92","0.0","0.0","0.0","0.0","0.0","0:00","0.0","0:00","No","00:05.40","16","0.0","00:43:27","00:43:30","369","503"
Running,2022-03-01 14:06:30,false,"Eugene - 1 2x3","3.16","396","00:34:04","164","184","161","190","10:48","7:51","361","374","0.91","0.0","0.0","0.0","0.0","0.0","0:00","0.0","0:00","No","00:05.39","6","0.0","00:34:03","00:34:04","298","429"
Running,2022-03-02 18:03:51,false,"Eugene - Copy of 5m","3.04","389","00:34:27","156","176","146","219","11:20","3:35","236","282","0.96","0.0","0.0","0.0","0.0","0.0","0:00","0.0","0:00","No","00:20.08","24","0.0","00:34:01","00:34:27","366","440"
Running,2022-03-03 18:00:12,false,"Eugene - 4rasy","3.08","391","00:37:42","154","168","164","179","12:15","9:15","131","174","0.80","0.0","0.0","0.0","0.0","0.0","0:00","0.0","0:00","No","00:04.09","7","0.0","00:37:18","00:37:42","370","482"
Running,2022-03-05 10:52:12,false,"Eugene Running","2.04","242","00:21:16","154","178","166","176","10:25","8:41","--","13","0.93","0.0","0.0","0.0","0.0","0.0","0:00","0.0","0:00","No","00:24.61","3","0.0","00:21:16","00:21:16","415","440"
Running,2022-03-06 11:54:19,false,"Eugene - 6m","6.33","813","01:14:08","161","179","164","177","11:42","9:57","338","351","0.85","0.0","0.0","0.0","0.0","0.0","0:00","0.0","0:00","No","00:06.49","24","0.0","01:13:45","01:15:22","398","524"
Running,2022-03-08 11:09:09,false,"Eugene - 4m","3.10","394","00:34:34","159","179","166","176","11:08","9:53","85","121","0.87","0.0","0.0","0.0","0.0","0.0","0:00","0.0","0:00","No","00:06.79","7","0.0","00:34:32","00:34:34","373","440"
Running,2022-03-09 10:07:39,false,"Eugene - cmplx","4.95","563","00:58:17","154","174","151","201","11:46","6:08","482","499","0.91","0.0","0.0","0.0","0.0","0.0","0:00","0.0","0:00","No","00:12.16","29","0.0","00:57:24","00:58:17","337","430"
Running,2022-03-10 14:18:33,false,"Eugene - 4miles","4.23","519","00:44:30","162","183","164","189","10:32","7:05","364","374","0.92","0.0","0.0","0.0","0.0","0.0","0:00","0.0","0:00","No","00:03.37","9","0.0","00:44:27","00:45:56","411","541"
Running,2022-03-11 13:01:11,false,"Eugene - friday","2.52","297","00:25:31","161","182","160","184","10:08","7:34","125","154","0.98","0.0","0.0","0.0","0.0","0.0","0:00","0.0","0:00","No","00:24.98","12","0.0","00:25:27","00:25:31","337","406"
Running,2022-03-12 09:44:09,false,"Eugene - 7m","7.35","948","01:25:33","160","177","165","178","11:38","8:46","751","728","0.84","0.0","0.0","0.0","0.0","0.0","0:00","0.0","0:00","No","00:12.78","14","0.0","01:25:29","01:25:33","280","477"
Running,2022-03-14 11:10:01,false,"Eugene - monday","3.33","362","00:38:38","150","175","152","214","11:35","4:41","128","128","0.89","0.0","0.0","0.0","0.0","0.0","0:00","0.0","0:00","No","00:04.39","22","0.0","00:38:34","00:38:53","346","431"
Running,2022-03-15 12:03:35,false,"Eugene - pyramid","3.67","449","00:40:47","159","179","166","188","11:07","8:03","449","456","0.87","0.0","0.0","0.0","0.0","0.0","0:00","0.0","0:00","No","00:06.33","13","0.0","00:40:44","00:42:40","369","463"
Running,2022-03-16 09:14:34,false,"Eugene - 4&strides","4.65","576","00:51:58","157","172","161","201","11:11","5:44","433","456","0.89","0.0","0.0","0.0","0.0","0.0","0:00","0.0","0:00","No","00:08.58","18","0.0","00:51:55","00:51:58","309","406"
Running,2022-03-17 10:02:28,false,"Eugene - 400s","4.94","540","00:56:59","144","175","152","194","11:32","6:09","364","394","0.90","0.0","0.0","0.0","0.0","0.0","0:00","0.0","0:00","No","00:04.90","17","0.0","00:56:47","01:02:06","329","419"
Running,2022-03-19 11:53:11,false,"Eugene - shorterbreaks","3.08","392","00:34:20","159","175","168","179","11:08","9:15","184","213","0.86","0.0","0.0","0.0","0.0","0.0","0:00","0.0","0:00","No","00:06.87","8","0.0","00:34:14","00:34:20","339","406"
Running,2022-03-21 06:00:28,false,"Eugene - 6wbreaks","6.26","751","01:18:20","152","181","165","176","12:31","9:22","719","745","0.78","0.0","0.0","0.0","0.0","0.0","0:00","0.0","0:00","No","00:03.51","10","0.0","01:18:14","01:18:26","286","407"
Running,2022-03-22 14:58:46,false,"Vancouver Running","3.04","377","00:31:53","160","178","171","182","10:30","9:11","302","325","0.90","0.0","0.0","0.0","0.0","0.0","0:00","0.0","0:00","No","00:20.16","4","0.0","00:31:52","00:31:53","-38","52"
Running,2022-03-23 09:08:13,false,"Vancouver - fast3","3.28","386","00:34:08","158","180","160","186","10:25","7:46","312","335","0.96","0.0","0.0","0.0","0.0","0.0","0:00","0.0","0:00","No","00:07.78","12","0.0","00:33:50","00:34:08","-68","16"
Running,2022-03-25 15:22:40,false,"Eugene - 4miles","4.18","513","00:45:18","157","180","162","173","10:50","8:54","299","285","0.92","0.0","0.0","0.0","0.0","0.0","0:00","0.0","0:00","No","00:05.35","8","0.0","00:45:17","00:45:18","333","428"
Running,2022-03-26 11:17:38,false,"Eugene - 8mile","8.20","1,054","01:35:09","160","181","162","173","11:36","9:27","807","804","0.86","0.0","0.0","0.0","0.0","0.0","0:00","0.0","0:00","No","00:07.18","16","0.0","01:35:06","01:37:49","328","444"
Running,2022-03-28 13:06:06,false,"Eugene - shorttolong","5.09","664","00:58:59","158","179","164","176","11:36","9:45","459","499","0.85","0.0","0.0","0.0","0.0","0.0","0:00","0.0","0:00","No","00:03.46","11","0.0","00:58:57","00:59:01","313","406"
Running,2022-03-29 07:32:37,false,"Eugene - 3strides","3.72","445","00:43:26","146","162","156","218","11:40","4:46","371","404","0.88","0.0","0.0","0.0","0.0","0.0","0:00","0.0","0:00","No","00:09.37","16","0.0","00:43:14","00:43:26","362","475"
Running,2022-03-30 17:05:42,false,"Eugene Running","5.02","659","00:55:43","162","177","166","174","11:06","9:37","279","322","0.87","0.0","0.0","0.0","0.0","0.0","0:00","0.0","0:00","No","00:09.93","6","0.0","00:55:41","00:55:43","336","410"
Running,2022-03-31 09:10:48,false,"Eugene - threshold","3.29","382","00:32:02","162","180","169","184","9:45","7:35","276","348","0.98","0.0","0.0","0.0","0.0","0.0","0:00","0.0","0:00","No","00:01.80","15","0.0","00:32:00","00:32:43","326","415"
Running,2022-04-01 09:46:41,false,"Eugene Running","2.57","306","00:25:45","155","173","168","178","10:02","8:27","203","226","0.96","0.0","0.0","0.0","0.0","0.0","0:00","0.0","0:00","No","05:48.75","3","0.0","00:25:44","00:25:45","339","447"
Running,2022-04-02 11:01:06,false,"Eugene - 9miles","9.13","1,126","01:43:32","152","178","166","188","11:21","8:02","679","679","0.85","0.0","0.0","0.0","0.0","0.0","0:00","0.0","0:00","No","00:03.74","14","0.0","01:43:25","01:46:31","339","473"
Running,2022-04-04 10:04:42,false,"Eugene Running","4.20","524","00:48:12","145","173","163","178","11:28","8:24","489","531","0.86","0.0","0.0","0.0","0.0","0.0","0:00","0.0","0:00","No","01:59.59","5","0.0","00:47:58","00:48:50","351","469"
Running,2022-04-05 08:31:35,false,"Eugene - fast/slow","4.35","516","00:42:52","162","187","169","186","9:51","7:30","262","285","0.96","0.0","0.0","0.0","0.0","0.0","0:00","0.0","0:00","No","00:02.03","26","0.0","00:42:46","00:44:55","382","437"
Running,2022-04-06 09:10:37,false,"Eugene Running","5.04","615","00:58:01","147","166","167","177","11:30","9:20","630","640","0.84","0.0","0.0","0.0","0.0","0.0","0:00","0.0","0:00","No","00:27.02","6","0.0","00:57:58","00:58:01","341","428"
Running,2022-04-07 09:00:27,false,"Eugene Running","3.61","463","00:40:59","152","167","166","180","11:20","9:15","466","509","0.86","0.0","0.0","0.0","0.0","0.0","0:00","0.0","0:00","No","06:43.07","4","0.0","00:40:59","00:42:30","406","479"
Running,2022-04-08 16:53:28,false,"Eugene Running","4.25","530","00:46:36","152","172","168","190","10:58","6:20","338","374","0.87","0.0","0.0","0.0","0.0","0.0","0:00","0.0","0:00","No","02:37.02","5","0.0","00:46:35","00:46:36","349","490"
Running,2022-04-09 10:31:27,false,"Eugene Running","10.25","1,246","01:56:04","149","172","167","177","11:19","8:35","925","942","0.85","0.0","0.0","0.0","0.0","0.0","0:00","0.0","0:00","No","02:45.03","11","0.0","01:55:44","01:58:05","360","531"
Running,2022-04-11 10:19:55,false,"Eugene - 3plusstrides","3.00","348","00:34:23","138","158","166","200","11:28","6:22","377","367","0.84","0.0","0.0","0.0","0.0","0.0","0:00","0.0","0:00","No","00:14.25","9","0.0","00:34:20","00:34:23","423","537"
Running,2022-04-12 17:19:25,false,"Eugene Running","5.43","720","01:00:34","159","184","166","196","11:10","5:45","535","538","0.87","0.0","0.0","0.0","0.0","0.0","0:00","0.0","0:00","No","04:28.82","6","0.0","01:00:26","01:01:14","371","479"
Running,2022-04-14 08:57:38,false,"Eugene Running","4.08","525","00:45:11","154","178","167","180","11:05","8:52","351","371","0.87","0.0","0.0","0.0","0.0","0.0","0:00","0.0","0:00","No","00:47.60","5","0.0","00:45:09","00:45:11","377","494"
Running,2022-04-15 18:27:36,false,"Eugene Running","7.10","922","01:21:08","156","184","166","177","11:25","9:29","955","968","0.85","0.0","0.0","0.0","0.0","0.0","0:00","0.0","0:00","No","01:13.51","8","0.0","01:20:46","01:21:45","331","470"
Running,2022-04-16 13:33:48,false,"Eugene Running","6.09","766","01:12:28","152","170","163","174","11:55","10:14","1,079","1,168","0.83","0.0","0.0","0.0","0.0","0.0","0:00","0.0","0:00","No","00:57.09","7","0.0","01:12:12","01:12:28","308","474"
Running,2022-04-18 10:31:59,false,"Eugene Running","2.02","246","00:22:15","145","167","167","177","11:02","8:49","217","269","0.87","0.0","0.0","0.0","0.0","0.0","0:00","0.0","0:00","No","00:12.01","3","0.0","00:22:15","00:22:15","383","489"
